patient_id,age,sex,diabetes,heart_disease,cancer,hypertension,obesity,kidney_disease,liver_disease,osteoporosis,arthritis,joint_pain,previous_fractures,stress_level,thyroid_disorder,hormonal_imbalance,vitamins_deficit,lung_disease,alcohol_consumption,headaches,asthma,epilepsy,blood_pressure,smoker,cholesterol,BMI,activity_level
101,45,M,1,2,none,false,false,2,1,false,true,false,true,0,hipotiroidism,true,D,1,2,true,true,false,130.5,2,210.0,28.5,2
102,33,F,0,0,none,false,false,0,0,false,false,false,false,1,none,false,B12,0,1,false,false,false,118.0,0,180.0,22.4,4
103,60,M,2,1,none,true,true,1,1,false,true,true,true,2,none,false,D,1,1,true,false,false,142.0,1,240.0,31.2,1
104,52,F,0,2,none,true,false,2,1,false,false,true,false,2,hipertiroidism,true,D,0,0,false,false,false,145.5,0,195.0,26.1,2
105,28,M,0,0,none,false,false,0,0,false,false,false,false,0,none,false,none,0,2,false,false,false,119.5,2,175.0,23.4,4
106,70,F,2,2,breast,true,true,2,2,true,true,true,true,2,hipotiroidism,true,"D,B12",1,1,true,false,false,150.0,1,265.0,29.8,1
107,41,M,1,1,none,true,false,0,0,false,false,false,false,1,none,false,none,0,1,false,false,false,128.0,1,205.0,25.0,3
108,38,F,0,0,none,false,false,0,0,false,false,false,false,0,none,false,B12,0,1,false,false,false,115.5,0,170.0,21.8,5
109,55,M,1,2,none,true,true,2,1,false,true,true,true,2,none,true,D,2,2,true,false,false,148.0,2,230.0,33.5,1
110,47,F,0,1,none,true,false,0,1,false,false,false,false,1,hipertiroidism,false,B12,0,0,false,false,false,138.5,0,190.0,24.2,3
111,62,M,2,2,lung,true,true,2,2,false,true,true,true,2,none,true,D,2,1,true,true,false,152.0,2,250.0,32.6,1
112,36,F,0,0,none,false,false,0,0,false,false,false,false,0,none,false,none,0,1,false,false,false,117.0,0,165.0,21.5,5
113,50,M,1,1,none,true,false,1,1,false,true,false,false,1,hipotiroidism,false,D,1,1,false,false,false,135.0,1,220.0,27.0,3
114,29,F,0,0,none,false,false,0,0,false,false,false,false,0,none,false,none,0,0,false,false,false,110.5,0,160.0,20.8,5
115,58,M,2,2,none,true,true,2,1,false,true,true,true,2,none,true,D,1,2,true,false,false,155.0,2,245.0,31.8,1
116,40,F,0,1,none,true,false,0,0,false,false,false,false,1,none,false,B12,0,1,false,false,false,128.5,0,185.0,23.7,4
117,67,M,1,2,none,true,true,2,2,true,true,true,true,2,none,true,D,1,2,true,false,false,150.5,2,260.0,30.9,1
118,46,F,0,1,none,false,false,0,0,false,false,false,false,1,hipotiroidism,false,B12,0,0,false,false,false,126.0,0,200.0,25.3,3
119,53,M,2,1,none,true,true,1,1,false,true,true,false,2,none,false,D,1,1,true,true,false,145.0,1,235.0,29.5,2
120,35,F,0,0,none,false,false,0,0,false,false,false,false,1,none,false,none,0,1,false,false,false,116.0,0,170.0,22.0,5